{"cameraMode":{"drawMode":0,"name":"Shaded","section":"Shading Mode"},"sceneLighting":true,"audioPlay":false,"sceneViewState":{"m_AlwaysRefresh":false,"showFog":true,"showSkybox":true,"showFlares":true,"showImageEffects":true,"showParticleSystems":true,"showVisualEffectGraphs":true,"m_FxEnabled":true},"in2DMode":false,"pivot":{"x":16.984128952026368,"y":1.0924129486083985,"z":-1.5373930931091309},"rotation":{"x":0.28716185688972475,"y":0.4980476498603821,"z":-0.1792348474264145,"w":0.7984171509742737},"size":11.383658409118653,"orthographic":false}