{"cameraMode":{"drawMode":0,"name":"Shaded","section":"Shading Mode"},"sceneLighting":true,"audioPlay":false,"sceneViewState":{"m_AlwaysRefresh":false,"showFog":true,"showSkybox":true,"showFlares":true,"showImageEffects":true,"showParticleSystems":true,"showVisualEffectGraphs":true,"m_FxEnabled":true},"in2DMode":false,"pivot":{"x":19.828367233276368,"y":9.484209060668946,"z":-0.4548172950744629},"rotation":{"x":0.0764877200126648,"y":0.5484594106674194,"z":-0.050559744238853458,"w":0.8312112092971802},"size":10.727553367614746,"orthographic":false}