{"cameraMode":{"drawMode":0,"name":"Shaded","section":"Shading Mode"},"sceneLighting":false,"audioPlay":false,"sceneViewState":{"m_AlwaysRefresh":false,"showFog":true,"showSkybox":true,"showFlares":true,"showImageEffects":true,"showParticleSystems":true,"showVisualEffectGraphs":true,"m_FxEnabled":true},"in2DMode":false,"pivot":{"x":-4.183950424194336,"y":12.895000457763672,"z":0.1589999794960022},"rotation":{"x":0.13946741819381715,"y":-0.1640658974647522,"z":0.023437919095158578,"w":0.9762648344039917},"size":1.2124353647232056,"orthographic":false}